Time;Link
?stanbulspor A?;https://www.futbol24.com/team/Turkey/Istanbulspor-AS/results/
1. FC Heidenheim;https://www.futbol24.com/team/Germany/1-FC-Heidenheim/results/
1.FC Köln;https://www.futbol24.com/team/Germany/1FC-Koln/results/
2 de Mayo;https://www.futbol24.com/team/Paraguay/2-de-Mayo/results/
ABB La Paz;https://www.futbol24.com/team/Bolivia/ABB-La-Paz/results/
ABC Natal/RN;https://www.futbol24.com/team/Brazil/ABC-Natal-RN/results/
Aberdeen FC;https://www.futbol24.com/team/Scotland/Aberdeen-FC/results/
AC Milan;https://www.futbol24.com/team/Italy/AC-Milan/results/
AC Pisa;https://www.futbol24.com/team/Italy/AC-Pisa/results/
Accrington Stanley;https://www.futbol24.com/team/England/Accrington-Stanley/results/
AD Ceuta;https://www.futbol24.com/team/Spain/AD-Ceuta/results/
AD Jaguar/PE;https://www.futbol24.com/team/Brazil/AD-Jaguar-PE/results/
AD Tarma;https://www.futbol24.com/team/Peru/AD-Tarma/results/
Adana Demirspor;https://www.futbol24.com/team/Turkey/Adana-Demirspor/results/
AE Larisa;https://www.futbol24.com/team/Greece/AE-Larisa/results/
AEK Athens;https://www.futbol24.com/team/Greece/AEK-Athens/results/
AFC Ajax;https://www.futbol24.com/team/Holland/AFC-Ajax/results/
AFC Amsterdam;https://www.futbol24.com/team/Holland/AFC-Amsterdam/results/
AFC Wimbledon;https://www.futbol24.com/team/England/AFC-Wimbledon/results/
Afogados/PE;https://www.futbol24.com/team/Brazil/Afogados-PE/results/
Agua Santa/SP;https://www.futbol24.com/team/Brazil/Agua-Santa-SP/results/
Águia de Marabá/PA;https://www.futbol24.com/team/Brazil/Aguia-de-Maraba-PA/results/
Águilas Doradas;https://www.futbol24.com/team/Colombia/Aguilas-Doradas/results/
Ahly Cairo;https://www.futbol24.com/team/Egypt/Ahly-Cairo/results/
AJ Auxerre;https://www.futbol24.com/team/France/AJ-Auxerre/results
Akhmat Groznyi;https://www.futbol24.com/team/Russia/Akhmat-Groznyi/results/
Akron Togliatti;https://www.futbol24.com/team/Russia/Akron-Togliatti/results/
Al Ahli Jeddah;https://www.futbol24.com/team/Saudi-Arabia/Al-Ahli-Jeddah/results/
Al Ahly Cairo;https://www.futbol24.com/team/Egypt/Al-Ahly-Cairo/results/
Al Ain;https://www.futbol24.com/team/UAE/Al-Ain/results/
Al Akhdood;https://www.futbol24.com/team/Saudi-Arabia/Al-Akhdood/results/
Al Fateh (KSA);https://www.futbol24.com/team/Saudi-Arabia/Al-Fateh-KSA/results/
Al Fayha;https://www.futbol24.com/team/Saudi-Arabia/Al-Fayha/results/
Al Hazm;https://www.futbol24.com/team/Saudi-Arabia/Al-Hazm/results/
Al Hilal Riyadh;https://www.futbol24.com/team/Saudi-Arabia/Al-Hilal-Riyadh/results/
Al Khaleej Club;https://www.futbol24.com/team/Saudi-Arabia/Al-Khaleej-Club/results/
Al Kholood Club;https://www.futbol24.com/team/Saudi-Arabia/Al-Kholood-Club/results/
Al Najma (KSA);https://www.futbol24.com/team/Saudi-Arabia/Al-Najma-KSA/results/
Al Nassr Riyadh;https://www.futbol24.com/team/Saudi-Arabia/Al-Nassr-Riyadh/results/
Al Oruba (KSA);https://www.futbol24.com/team/Saudi-Arabia/Al-Oruba-KSA/results/
Al Raed Club;https://www.futbol24.com/team/Saudi-Arabia/Al-Raed-Club/results/
Al Riyadh SC;https://www.futbol24.com/team/Saudi-Arabia/Al-Riyadh-SC/results/
Al Wahda Mecca;https://www.futbol24.com/team/Saudi-Arabia/Al-Wahda-Mecca/results/
Alagoinhas Atlético/BA;https://www.futbol24.com/team/Brazil/Alagoinhas-Atletico-BA/results/
Alanyaspor;https://www.futbol24.com/team/Turkey/Alanyaspor/results/
Albacete Balompie;https://www.futbol24.com/team/Spain/Albacete-Balompie/results/
Albacete Balompié;https://www.futbol24.com/team/Spain/Albacete-Balompie/results/
Albion FC (URU);https://www.futbol24.com/team/Uruguay/Albion-FC-URU/results/
Albirex Niigata;https://www.futbol24.com/team/Japan/Albirex-Niigata/results/
Alianza Atlético;https://www.futbol24.com/team/Peru/Alianza-Atletico/results/
Alianza FC (COL);https://www.futbol24.com/team/Colombia/Alianza-FC-COL/results/
Alianza Huánuco;https://www.futbol24.com/team/Peru/Alianza-Huanuco/results/
Alianza Lima;https://www.futbol24.com/team/Peru/Alianza-Lima/results/
Alianza Petrolera;https://www.futbol24.com/team/Colombia/Alianza-Petrolera/results/
Almere City FC;https://www.futbol24.com/team/Holland/Almere-City-FC/results/
Altos/PI;https://www.futbol24.com/team/Brazil/Altos-PI/results/
Always Ready;https://www.futbol24.com/team/Bolivia/Always-Ready/results
Amazonas/AM;https://www.futbol24.com/team/Brazil/Amazonas-AM/results/
América de Cali;https://www.futbol24.com/team/Colombia/America-de-Cali/results/
América Mineiro/MG;https://www.futbol24.com/team/Brazil/America-Mineiro-MG/results/
América/RN;https://www.futbol24.com/team/Brazil/America-RN/results/
Amiens SC;https://www.futbol24.com/team/France/Amiens-SC/results
Anderlecht;https://www.futbol24.com/team/Belgium/Anderlecht/results/
Andraus Brasil/PR;https://www.futbol24.com/team/Brazil/Andraus-Brasil-PR/results/
Angers SCO;https://www.futbol24.com/team/France/Angers-SCO/results/
Ankaragücü;https://www.futbol24.com/team/Turkey/Ankaragucu/results/
Annecy FC;https://www.futbol24.com/team/France/Annecy-FC/results/
Antalyaspor;https://www.futbol24.com/team/Turkey/Antalyaspor/results/
Antofagasta;https://www.futbol24.com/team/Chile/Antofagasta/results/
Aparecidense/GO;https://www.futbol24.com/team/Brazil/Aparecidense-GO/results/
APOEL FC;https://www.futbol24.com/team/Cyprus/APOEL-FC/results/
Argentino Monte Maíz;https://www.futbol24.com/team/Argentina/Argentino-Monte-Maiz/results/
Argentinos Juniors;https://www.futbol24.com/team/Argentina/Argentinos-Juniors/results/
Aris Salonica;https://www.futbol24.com/team/Greece/Aris-Salonica/results/
Arminia Bielefeld;https://www.futbol24.com/team/Germany/Arminia-Bielefeld/results/
Arsenal FC;https://www.futbol24.com/team/England/Arsenal/results/
AS Cannes;https://www.futbol24.com/team/France/AS-Cannes/results/
AS Monaco;https://www.futbol24.com/team/France/AS-Monaco/results/
AS Nancy-Lorraine;https://www.futbol24.com/team/France/AS-Nancy-Lorraine/results
AS Roma;https://www.futbol24.com/team/Italy/AS-Roma/results/
AS Saint-Étienne;https://www.futbol24.com/team/France/AS-Saint-Etienne/results/
ASA/AL;https://www.futbol24.com/team/Brazil/ASA-AL/results/
Asteras Tripoli;https://www.futbol24.com/team/Greece/Asteras-Tripoli/results/
Aston Villa;https://www.futbol24.com/team/England/Aston-Villa/results/
ASWH;https://www.futbol24.com/team/Holland/ASWH/results/
Atalanta Bergamo;https://www.futbol24.com/team/Italy/Atalanta-Bergamo/results/
Athens Kallithea;https://www.futbol24.com/team/Greece/Athens-Kallithea/results/
Athletic Bilbao;https://www.futbol24.com/team/Spain/Athletic-Bilbao/results/
Athletic Club/MG;https://www.futbol24.com/team/Brazil/Athletic-Club-MG/results/
Athletico/PR;https://www.futbol24.com/team/Brazil/Athletico-PR/results
Atlético Bucaramanga;https://www.futbol24.com/team/Colombia/Atletico-Bucaramanga/results/
Atlético FC;https://www.futbol24.com/team/Colombia/Atletico-FC/results/
Atlético Fénix;https://www.futbol24.com/team/Uruguay/Atletico-Fenix/results/
Atlético Florida;https://www.futbol24.com/team/Uruguay/Atletico-Florida/results/
Atlético Grau;https://www.futbol24.com/team/Peru/AtlEtico-Grau/results/
Atlético Huila;https://www.futbol24.com/team/Colombia/Atletico-Huila/results/
Atlético Madrid;https://www.futbol24.com/team/Spain/Atletico-Madrid/results/
Atlético Mineiro/MG;https://www.futbol24.com/team/Brazil/Atletico-Mineiro-MG/results/
Atlético Nacional;https://www.futbol24.com/team/Colombia/Atletico-Nacional/results/
Atlético San Luis;https://www.futbol24.com/team/Mexico/Atletico-San-Luis/results/
Atlético Tucumán;https://www.futbol24.com/team/Argentina/Atletico-Tucuman/results/
Atlético/GO;https://www.futbol24.com/team/Brazil/Atletico-GO/results/
Atromitos FC;https://www.futbol24.com/team/Greece/Atromitos-FC/results/
Auckland City;https://www.futbol24.com/team/New-Zealand/Auckland-City/results/
Audax Italiano;https://www.futbol24.com/team/Chile/Audax-Italiano/results/
Avai FC/SC;https://www.futbol24.com/team/Brazil/Avai-FC-SC/results/
Avellino;https://www.futbol24.com/team/Italy/Avellino/results/
Avispa Fukuoka;https://www.futbol24.com/team/Japan/Avispa-Fukuoka/results/
AVS Futebol SAD;https://www.futbol24.com/team/Portugal/AVS-Futebol-SAD/results/
Ayacucho FC;https://www.futbol24.com/team/Peru/Ayacucho-FC/results/
AZ Alkmaar;https://www.futbol24.com/team/Holland/AZ-Alkmaar/results/
Azuriz FC/PR;https://www.futbol24.com/team/Brazil/Azuriz-FC-PR/results/
Bahia/BA;https://www.futbol24.com/team/Brazil/Bahia-BA/results/
Bangu/RJ;https://www.futbol24.com/team/Brazil/Bangu-RJ/results/
Barakaldo CF;https://www.futbol24.com/team/Spain/Barakaldo-CF/results/
Barcelona FC/BA;https://www.futbol24.com/team/Brazil/Barcelona-FC-BA/results/
Barcelona SC;https://www.futbol24.com/team/Ecuador/Barcelona-SC/results/
Barcelona/RO;https://www.futbol24.com/team/Brazil/Barcelona-RO/results/
Barnsley;https://www.futbol24.com/team/England/Barnsley/results/
Barracas Central;https://www.futbol24.com/team/Argentina/Barracas-Central/results/
Bayer Leverkusen;https://www.futbol24.com/team/Germany/Bayer-Leverkusen/results/
Bayern München;https://www.futbol24.com/team/Germany/Bayern-Munchen/results/
Beerschot VA;https://www.futbol24.com/team/Belgium/Beerschot-VA/results/
Belgrano Córdoba;https://www.futbol24.com/team/Argentina/Belgrano-Cordoba/results/
Bella Vista (URU);https://www.futbol24.com/team/Uruguay/Bella-Vista-URU/results/
Besiktas JK;https://www.futbol24.com/team/Turkey/Besiktas-JK/results/
Binacional;https://www.futbol24.com/team/Peru/Binacional/results/
Birmingham City;https://www.futbol24.com/team/England/Birmingham-City/results/
Blackburn Rovers;https://www.futbol24.com/team/England/Blackburn-Rovers/results/
Blackpool;https://www.futbol24.com/team/England/Blackpool/results/
Blooming;https://www.futbol24.com/team/Bolivia/Blooming/results/
Boavista FC;https://www.futbol24.com/team/Portugal/Boavista-FC/results/
Boavista/RJ;https://www.futbol24.com/team/Brazil/Boavista-RJ/results/
Boca Juniors Cali;https://www.futbol24.com/team/Colombia/Boca-Juniors-Cali/results/
Boca Juniors;https://www.futbol24.com/team/Argentina/Boca-Juniors/results/
Bodrum FK;https://www.futbol24.com/team/Turkiye/Bodrum-FK/results/
Bodrumspor SK;https://www.futbol24.com/team/Turkey/Bodrumspor-SK/results/
Bogotá FC;https://www.futbol24.com/team/Colombia/Bogota-FC/results/
Bolívar;https://www.futbol24.com/team/Bolivia/Bolivar/results/
Bologna FC;https://www.futbol24.com/team/Italy/Bologna-FC/results/
Boluspor;https://www.futbol24.com/team/Turkey/Boluspor/results/
Borac Banja Luka;https://www.futbol24.com/team/Bosnia/Borac-Banja-Luka/results/
Borussia Dortmund;https://www.futbol24.com/team/Germany/Borussia-Dortmund/results/
Boston River;https://www.futbol24.com/team/Uruguay/Boston-River/results/
Botafogo/PB;https://www.futbol24.com/team/Brazil/Botafogo-PB/results/
Botafogo/RJ;https://www.futbol24.com/team/Brazil/Botafogo-RJ/results/
Botafogo/SP;https://www.futbol24.com/team/Brazil/Botafogo-SP/results/
Bournemouth;https://www.futbol24.com/team/England/Bournemouth/results/
Boyacá Chicó;https://www.futbol24.com/team/Colombia/Boyaca-Chico/results/
Brackley Town;https://www.futbol24.com/team/England/Brackley-Town/results/
Bradford City;https://www.futbol24.com/team/England/Bradford-City/results/
Brentford FC;https://www.futbol24.com/team/England/Brentford-FC/results/
Brescia Calcio;https://www.futbol24.com/team/Italy/Brescia-Calcio/results/
Brighton;https://www.futbol24.com/team/England/Brighton/results/
Bristol City;https://www.futbol24.com/team/England/Bristol-City/results/
Bristol Rovers;https://www.futbol24.com/team/England/Bristol-Rovers/results/
Bromley FC;https://www.futbol24.com/team/England/Bromley-FC/results/
Brusque FC/SC;https://www.futbol24.com/team/Brazil/Brusque-FC-SC/results/
BSC Young Boys;https://www.futbol24.com/team/Switzerland/BSC-Young-Boys/results/
Burgos CF;https://www.futbol24.com/team/Spain/Burgos-CF/results/
Burnley;https://www.futbol24.com/team/England/Burnley/results/
Burton Albion;https://www.futbol24.com/team/England/Burton-Albion/results/
BVV Barendrecht;https://www.futbol24.com/team/Holland/BVV-Barendrecht/results/
CA Aldosivi;https://www.futbol24.com/team/Argentina/CA-Aldosivi/results/
CA Atenas;https://www.futbol24.com/team/Uruguay/CA-Atenas/results/
CA Banfield;https://www.futbol24.com/team/Argentina/CA-Banfield/results/
CA Cerro;https://www.futbol24.com/team/Uruguay/CA-Cerro/results/
CA Huracán;https://www.futbol24.com/team/Argentina/CA-Huracan/results/
CA Lanús;https://www.futbol24.com/team/Argentina/CA-Lanus/results/
CA Libertad (URU);https://www.futbol24.com/team/Uruguay/CA-Libertad-URU/results/
CA Osasuna;https://www.futbol24.com/team/Spain/CA-Osasuna/results/
CA Peñarol;https://www.futbol24.com/team/Uruguay/CA-Penarol/results/
CA Platense;https://www.futbol24.com/team/Argentina/CA-Platense/results/
CA Progreso;https://www.futbol24.com/team/Uruguay/CA-Progreso/results/
CA Tembetary;https://www.futbol24.com/team/Paraguay/CA-Tembetary/results/
CA Tigre;https://www.futbol24.com/team/Argentina/CA-Tigre/results/
Cádiz CF;https://www.futbol24.com/team/Spain/Cadiz-CF/results/
Cagliari Calcio;https://www.futbol24.com/team/Italy/Cagliari-Calcio/results/
Calais Beau Marais;https://www.futbol24.com/team/France/Calais-Beau-Marais/results
Calcio Como;https://www.futbol24.com/team/Italy/Calcio-Como/results/
Cambridge United;https://www.futbol24.com/team/England/Cambridge-United/results/
Capital/DF;https://www.futbol24.com/team/Brazil/Capital-DF/results/
Capitán Figarí;https://www.futbol24.com/team/Paraguay/Capitan-Figari/results/
Caracas FC;https://www.futbol24.com/team/Venezuela/Caracas-FC/results/
Cardiff City;https://www.futbol24.com/team/England/Cardiff-City/results/
Carrarese Calcio;https://www.futbol24.com/team/Italy/Carrarese-Calcio/results/
Casa Pia AC;https://www.futbol24.com/team/Portugal/Casa-Pia-AC/results/
Cascavel/PR;https://www.futbol24.com/team/Brazil/Cascavel-PR/results/
Catanzaro;https://www.futbol24.com/team/Italy/Catanzaro/results/
Caxias/RS;https://www.futbol24.com/team/Brazil/Caxias-RS/results/
CD Castellón;https://www.futbol24.com/team/Spain/CD-Castellon/results/
CD Eldense;https://www.futbol24.com/team/Spain/CD-Eldense/results/
CD Estepona FS;https://www.futbol24.com/team/Spain/CD-Estepona-FS/results/
CD G.V. San José;https://www.futbol24.com/team/Bolivia/CD-GV-San-Jose/results/
CD Guabirá;https://www.futbol24.com/team/Bolivia/CD-Guabira/results
CD Huachipato;https://www.futbol24.com/team/Chile/CD-Huachipato/results/
CD Leganés;https://www.futbol24.com/team/Spain/CD-Leganes/results/
CD Los Chankas;https://www.futbol24.com/team/Peru/CD-Los-Chankas/results/
CD Magallanes;https://www.futbol24.com/team/Chile/CD-Magallanes/results/
CD Maldonado;https://www.futbol24.com/team/Uruguay/CD-Maldonado/results/
CD Minera;https://www.futbol24.com/team/Spain/CD-Minera/results/
CD Mirandés;https://www.futbol24.com/team/Spain/CD-Mirandes/results/
CD Palestino;https://www.futbol24.com/team/Chile/CD-Palestino/results/
CD San Antonio (BOL);https://www.futbol24.com/team/Bolivia/CD-San-Antonio/results
CD Santa Clara;https://www.futbol24.com/team/Portugal/CD-Santa-Clara/results/
CD Tenerife;https://www.futbol24.com/team/Spain/CD-Tenerife/results/
CD Tondela;https://www.futbol24.com/team/Portugal/CD-Tondela/results/
CDT Real Oruro;https://www.futbol24.com/team/Bolivia/CDT-Real-Oruro/results/
CE Europa;https://www.futbol24.com/team/Spain/CE-Europa/results/
Ceará SC/CE;https://www.futbol24.com/team/Brazil/Ceara-SC-CE/results/
Ceilândia/DF;https://www.futbol24.com/team/Brazil/Ceilandia-DF/results/
Celje;https://www.futbol24.com/team/Slovenia/Celje/results/
Celta de Vigo;https://www.futbol24.com/team/Spain/Celta-de-Vigo/results/
Celtic FC;https://www.futbol24.com/team/Scotland/Celtic-FC/results
Celtic FC;https://www.futbol24.com/team/Scotland/Celtic-FC/results/
Central Córdoba SdE;https://www.futbol24.com/team/Argentina/Central-Cordoba-SdE/results/
Central Español FC;https://www.futbol24.com/team/Uruguay/Central-Espanol-FC/results/
Central/PE;https://www.futbol24.com/team/Brazil/Central-PE/results/
CEOV/MS;https://www.futbol24.com/team/Brazil/CEOV-MS/results/
Cercle Brugge;https://www.futbol24.com/team/Belgium/Cercle-Brugge/results/
Cerezo Osaka;https://www.futbol24.com/team/Japan/Cerezo-Osaka/results/
Cerro Largo;https://www.futbol24.com/team/Uruguay/Cerro-Largo/results/
Cerro Porteño;https://www.futbol24.com/team/Paraguay/Cerro-Porteno/results/
Cesena;https://www.futbol24.com/team/Italy/Cesena/results/
CF Estrela;https://www.futbol24.com/team/Portugal/CF-Estrela/results/
CF Monterrey;https://www.futbol24.com/team/Mexico/CF-Monterrey/results/
Chabab Mohammédia;https://www.futbol24.com/team/Morocco/Chabab-Mohammedia/results/
Chapecoense/SC;https://www.futbol24.com/team/Brazil/Chapecoense-SC/results/
Charlton Athletic;https://www.futbol24.com/team/England/Charlton-Athletic/results/
Chelsea FC;https://www.futbol24.com/team/England/Chelsea/results/
Cheltenham;https://www.futbol24.com/team/England/Cheltenham/results/
Chesham United;https://www.futbol24.com/team/England/Chesham-United/results/
Chesterfield;https://www.futbol24.com/team/England/Chesterfield/results/
Cianorte/PR;https://www.futbol24.com/team/Brazil/Cianorte-PR/results/
Cienciano;https://www.futbol24.com/team/Peru/Cienciano/results/
Cittadella;https://www.futbol24.com/team/Italy/Cittadella/results/
Ciudad de Lucena;https://www.futbol24.com/team/Spain/Ciudad-de-Lucena/results/
Clermont Foot;https://www.futbol24.com/team/France/Clermont-Foot/results/
Club América;https://www.futbol24.com/team/Mexico/Club-America/results/
Club Aurora;https://www.futbol24.com/team/Bolivia/Club-Aurora/results/
Club Brugge;https://www.futbol24.com/team/Belgium/Club-Brugge/results/
Club Guaraní;https://www.futbol24.com/team/Paraguay/Club-Guarani/results/
Club León;https://www.futbol24.com/team/Mexico/Club-Leon/results/
Club Libertad;https://www.futbol24.com/team/Paraguay/Club-Libertad/results/
Club Necaxa;https://www.futbol24.com/team/Mexico/Club-Necaxa/results/
Club Tijuana;https://www.futbol24.com/team/Mexico/Club-Tijuana/results/
Cobreloa;https://www.futbol24.com/team/Chile/Cobreloa/results/
Cobresal;https://www.futbol24.com/team/Chile/Cobresal/results/
CODM Meknès;https://www.futbol24.com/team/Morocco/CODM-Meknes/results/
Colo Colo;https://www.futbol24.com/team/Chile/Colo-Colo/results/
Colon Santa Fe;https://www.futbol24.com/team/Argentina/Colon-Santa-Fe/results/
Comerciantes Unidos;https://www.futbol24.com/team/Peru/Comerciantes-Unidos/results/
Como 1907;https://www.futbol24.com/team/Italy/Como-1907/results/
Concórdia AC/SC;https://www.futbol24.com/team/Brazil/Concordia-AC-SC/results/
Confiança/SE;https://www.futbol24.com/team/Brazil/Confianca-SE/results/
Consadole Sapporo;https://www.futbol24.com/team/Japan/Consadole-Sapporo/results/
Coquimbo Unido;https://www.futbol24.com/team/Chile/Coquimbo-Unido/results/
Cordoba CF;https://www.futbol24.com/team/Spain/Cordoba-CF/results/
Córdoba CF;https://www.futbol24.com/team/Spain/Cordoba-CF/results/
Corinthians/SP;https://www.futbol24.com/team/Brazil/Corinthians-SP/results/
Coritiba/PR;https://www.futbol24.com/team/Brazil/Coritiba-PR/results/
Çorum FK;https://www.futbol24.com/team/Turkey/Corum-FK/results/
Cosenza;https://www.futbol24.com/team/Italy/Cosenza/results/
Coventry City;https://www.futbol24.com/team/England/Coventry-City/results/
CP Cacereño;https://www.futbol24.com/team/Spain/CP-Cacereno/results/
CR Porongos;https://www.futbol24.com/team/Uruguay/CR-Porongos/results/
Crawley Town;https://www.futbol24.com/team/England/Crawley-Town/results/
CRB/AL;https://www.futbol24.com/team/Brazil/CRB-AL/results/
Cremonese;https://www.futbol24.com/team/Italy/Cremonese/results/
Criciúma/SC;https://www.futbol24.com/team/Brazil/Criciuma-SC/results/
Cruz Azul;https://www.futbol24.com/team/Mexico/Cruz-Azul/results/
Cruzeiro/MG;https://www.futbol24.com/team/Brazil/Cruzeiro-MG/results/
Crystal Palace;https://www.futbol24.com/team/England/Crystal-Palace/results/
CS Emelec;https://www.futbol24.com/team/Ecuador/CS-Emelec/results/
CSA/AL;https://www.futbol24.com/team/Brazil/CSA-AL/results/
CSE/AL;https://www.futbol24.com/team/Brazil/CSE-AL/results/
CSKA Moscow;https://www.futbol24.com/team/Russia/CSKA-Moscow/results/
Cuiabá/MT;https://www.futbol24.com/team/Brazil/Cuiaba-MT/results/
Cultural Leonesa;https://www.futbol24.com/team/Spain/Cultural-Leonesa/results/
Cumbayá FC;https://www.futbol24.com/team/Ecuador/Cumbaya-FC/results/
Curicó Unido;https://www.futbol24.com/team/Chile/Coquimbo-Unido/results/
Cusco FC;https://www.futbol24.com/team/Peru/Cusco-FC/results/
Dagenham & Red.;https://www.futbol24.com/team/England/Dagenham--Red/results/
Danubio FC;https://www.futbol24.com/team/Uruguay/Danubio-FC/results/
De Graafschap;https://www.futbol24.com/team/Holland/De-Graafschap/results/
Defensa y Justicia;https://www.futbol24.com/team/Argentina/Defensa-y-Justicia/results/
Defensor Sporting;https://www.futbol24.com/team/Uruguay/Defensor-Sporting/results/
Delfin SC;https://www.futbol24.com/team/Ecuador/Delfin-SC/results/
Deportes Concepción;https://www.futbol24.com/team/Chile/Deportes-Concepcion/results/
Deportes Copiapó;https://www.futbol24.com/team/Chile/Deportes-Copiapo/results/
Deportes Iquique;https://www.futbol24.com/team/Chile/Deportes-Iquique/results/
Deportes Limache;https://www.futbol24.com/team/Chile/Deportes-Limache/results/
Deportes Melipilla;https://www.futbol24.com/team/Chile/Deportes-Melipilla/results/
Deportes Quindío;https://www.futbol24.com/team/Colombia/Deportes-Quindio/results/
Deportes Santa Cruz;https://www.futbol24.com/team/Chile/Deportes-Santa-Cruz/results/
Deportes Temuco;https://www.futbol24.com/team/Chile/Deportes-Temuco/results/
Deportes Tolima;https://www.futbol24.com/team/Colombia/Deportes-Tolima/results/
Deportivo Alavés;https://www.futbol24.com/team/Spain/Deportivo-Alaves/results/
Deportivo Cali;https://www.futbol24.com/team/Colombia/Deportivo-Cali/results/
Deportivo Cuenca;https://www.futbol24.com/team/Ecuador/Deportivo-Cuenca/results/
Deportivo Garcilaso;https://www.futbol24.com/team/Peru/Deportivo-Garcilaso/results/
Deportivo La Coruña;https://www.futbol24.com/team/Spain/Deportivo-La-Coruna/results/
Deportivo Maldonado;https://www.futbol24.com/team/Uruguay/Deportivo-Maldonado/results/
Deportivo Pasto;https://www.futbol24.com/team/Colombia/Deportivo-Pasto/results/
Deportivo Pereira;https://www.futbol24.com/team/Colombia/Deportivo-Pereira/results/
Deportivo Recoleta;https://www.futbol24.com/team/Paraguay/Deportivo-Recoleta/results/
Deportivo Riestra;https://www.futbol24.com/team/Argentina/Deportivo-Riestra/results/
Deportivo Toluca;https://www.futbol24.com/team/Mexico/Deportivo-Toluca/results/
Derby County;https://www.futbol24.com/team/England/Derby-County/results/
Dhamak;https://www.futbol24.com/team/Saudi-Arabia/Dhamak/results/
Difaâ El Jadidi;https://www.futbol24.com/team/Morocco/Difaa-El-Jadidi/results/
Dijon FCO;https://www.futbol24.com/team/France/Dijon-FCO/results
Dinamo Minsk;https://www.futbol24.com/team/Belarus/Dinamo-Minsk/results/
Dinamo Zagreb;https://www.futbol24.com/team/Croatia/Dinamo-Zagreb/results
Djurgårdens IF;https://www.futbol24.com/team/Sweden/Djurgardens-IF/results/
Doncaster Rovers;https://www.futbol24.com/team/England/Doncaster-Rovers/results/
Dourados/MS;https://www.futbol24.com/team/Brazil/Dourados-MS/results/
Dundee FC;https://www.futbol24.com/team/Scotland/Dundee-FC/results/
Dundee United;https://www.futbol24.com/team/Scotland/Dundee-United/results/
Dynamo Dresden;https://www.futbol24.com/team/Germany/Dynamo-Dresden/results/
Dynamo Kyiv;https://www.futbol24.com/team/Ukraine/Dynamo-Kyiv/results/
Dynamo Makhachkala;https://www.futbol24.com/team/Russia/Dynamo-Makhachkala/results/
Dynamo Moscow;https://www.futbol24.com/team/Russia/Dynamo-Moscow/results/
Eintr. Braunschweig;https://www.futbol24.com/team/Germany/Eintr-Braunschweig/results/
Eintracht Frankfurt;https://www.futbol24.com/team/Germany/Eintracht-Frankfurt/results/
El Nacional Quito;https://www.futbol24.com/team/Ecuador/El-Nacional-Quito/results/
Elche CF;https://www.futbol24.com/team/Spain/Elche-CF/results/
Empoli FC;https://www.futbol24.com/team/Italy/Empoli-FC/results/
Ent. Feignies Aulnoye;https://www.futbol24.com/team/France/Ent-Feignies-Aulnoye/results/
Envigado FC;https://www.futbol24.com/team/Colombia/Envigado-FC/results/
Erzurumspor FK;https://www.futbol24.com/team/Turkey/Erzurumspor-FK/results/
ES Thaon;https://www.futbol24.com/team/France/ES-Thaon/results/
Esperance ST;https://www.futbol24.com/team/Tunisia/Esperance-ST/results/
ESTAC Troyes;https://www.futbol24.com/team/France/ESTAC-Troyes/results/
Estudiantes La Plata;https://www.futbol24.com/team/Argentina/Estudiantes-La-Plata/results/
Ettifaq FC;https://www.futbol24.com/team/Saudi-Arabia/Ettifaq-FC/results/
Everton Viña del Mar;https://www.futbol24.com/team/Chile/Everton-Vina-del-Mar/results/
Everton;https://www.futbol24.com/team/England/Everton/results/
Excursionistas BsAs;https://www.futbol24.com/team/Argentina/Excursionistas-BsAs/results/
Exeter City;https://www.futbol24.com/team/England/Exeter-City/results/
Eyüpspor;https://www.futbol24.com/team/Turkey/Eyupspor/results/
Fagiano Okayama;https://www.futbol24.com/team/Japan/Fagiano-Okayama/results/
Fakel Voronezh;https://www.futbol24.com/team/Russia/Fakel-Voronezh/results/
Falkirk FC;https://futbol24.com/team/Scotland/Falkirk-FC/results/
FAR Rabat;https://www.futbol24.com/team/Morocco/FAR-Rabat/results/
Fatih Karagümrük;https://www.futbol24.com/team/Turkey/Fatih-Karagumruk/results/
FBC Melgar;https://www.futbol24.com/team/Peru/FBC-Melgar/results/
FC Alverca;https://www.futbol24.com/team/Portugal/FC-Alverca/results/
FC Andorra;https://www.futbol24.com/team/Spain/FC-Andorra/results/
FC Arouca;https://www.futbol24.com/team/Portugal/FC-Arouca/results/
FC Astana;https://www.futbol24.com/team/Kazakhstan/FC-Astana/results/
FC Augsburg;https://www.futbol24.com/team/Germany/FC-Augsburg/results/
FC Barcelona;https://www.futbol24.com/team/Spain/FC-Barcelona/results/
FC Bourgoin Jallieu;https://www.futbol24.com/team/France/FC-Bourgoin-Jallieu/results/
FC Cartagena;https://www.futbol24.com/team/Spain/FC-Cartagena/results/
FC Eindhoven;https://www.futbol24.com/team/Holland/FC-Eindhoven/results/
FC Espaly;https://www.futbol24.com/team/France/FC-Espaly/results/
FC Famalicão;https://www.futbol24.com/team/Portugal/FC-Famalicao/results/
FC Groningen;https://www.futbol24.com/team/Holland/FC-Groningen/results/
FC København;https://www.futbol24.com/team/Denmark/FC-Kobenhavn/results/
FC Lorient;https://www.futbol24.com/team/France/FC-Lorient/results/
FC Lugano;https://www.futbol24.com/team/Switzerland/FC-Lugano/results/
FC Metz;https://www.futbol24.com/team/France/FC-Metz/results/
FC Midtjylland;https://www.futbol24.com/team/Denmark/FC-Midtjylland/results/
FC Nantes;https://www.futbol24.com/team/France/FC-Nantes/results/
FC Noah;https://www.futbol24.com/team/Armenia/FC-Noah/results/
FC Pari Nizhny Novgorod;https://www.futbol24.com/team/Russia/FC-Pari-Nizhny-Novgorod/results/
FC Porto;https://www.futbol24.com/team/Portugal/FC-Porto/results/
FC Rouen;https://www.futbol24.com/team/France/FC-Rouen/results/
FC Südtirol;https://www.futbol24.com/team/Italy/FC-Sudtirol/results/
FC Tirsense;https://www.futbol24.com/team/Portugal/FC-Tirsense/results/
FC Tokyo;https://www.futbol24.com/team/Japan/FC-Tokyo/results/
FC Twente;https://www.futbol24.com/team/Holland/FC-Twente/results/
FC Utrecht;https://www.futbol24.com/team/Holland/FC-Utrecht/results/
FC Vizela;https://www.futbol24.com/team/Portugal/FC-Vizela/results/
FC Volendam;https://www.futbol24.com/team/Holland/FC-Volendam/results/
FCSB;https://www.futbol24.com/team/Romania/FCSB/results/
FCSR Haguenau;https://www.futbol24.com/team/France/FCSR-Haguenau/results/
FCV Dender EH;https://www.futbol24.com/team/Belgium/FCV-Dender-EH/results/
Fenerbahçe SK;https://www.futbol24.com/team/Turkey/Fenerbahce-SK/results/
Ferencvaros TC;https://www.futbol24.com/team/Hungary/Ferencvaros-TC/results/
Ferrocarril Midland;https://www.futbol24.com/team/Argentina/Ferrocarril-Midland/results/
Ferroviária/SP;https://www.futbol24.com/team/Brazil/Ferroviaria-SP/results/
Ferroviário/CE;https://www.futbol24.com/team/Brazil/Ferroviario-CE/results/
Feyenoord;https://www.futbol24.com/team/Holland/Feyenoord/results
Fiorentina;https://www.futbol24.com/team/Italy/Fiorentina/results/
FK Bodo/Glimt;https://www.futbol24.com/team/Norway/FK-Bodo-Glimt/results/
FK Crvena Zvezda;https://www.futbol24.com/team/Serbia/FK-Crvena-Zvezda/results
FK Khimki;https://www.futbol24.com/team/Russia/FK-Khimki/results/
FK Krasnodar;https://www.futbol24.com/team/Russia/FK-Krasnodar/results/
FK Orenburg;https://www.futbol24.com/team/Russia/FK-Orenburg/results/
FK RFS;https://www.futbol24.com/team/Latvia/FK-RFS/results/results/
FK Rostov;https://www.futbol24.com/team/Russia/FK-Rostov/results/
FK TSC Ba?ka Topola;https://www.futbol24.com/team/Serbia/FK-TSC-Backa-Topola/results/
Flamengo/RJ;https://www.futbol24.com/team/Brazil/Flamengo-RJ/results/
Fluminense/RJ;https://www.futbol24.com/team/Brazil/Fluminense-RJ/results/
Fortaleza (COL);https://www.futbol24.com/team/Colombia/Fortaleza-COL/results/
Fortaleza/CE;https://www.futbol24.com/team/Brazil/Fortaleza-CE/results/
Fortuna Düsseldorf;https://www.futbol24.com/team/Germany/Fortuna-Dusseldorf/results/
Fortuna Sittard;https://www.futbol24.com/team/Holland/Fortuna-Sittard/results/
Frosinone;https://www.futbol24.com/team/Italy/Frosinone/results/
Fulham;https://www.futbol24.com/team/England/Fulham/results/
FUS Rabat;https://www.futbol24.com/team/Morocco/FUS-Rabat/results/
Gainsborough;https://www.futbol24.com/team/England/Gainsborough/results
Galatasaray SK;https://www.futbol24.com/team/Turkey/Galatasaray-SK/results/
Gamba Osaka;https://www.futbol24.com/team/Japan/Gamba-Osaka/results/
GAS/RR;https://www.futbol24.com/team/Brazil/GAS-RR/results/
Gaziantep FK;https://www.futbol24.com/team/Turkiye/Gaziantep-FK/results/
Gaziantep FK;https://www.futbol24.com/team/Turkiye/Gaziantep-FK/results/
GD Chaves;https://www.futbol24.com/team/Portugal/GD-Chaves/results/
GD Estoril;https://www.futbol24.com/team/Portugal/GD-Estoril/results/
Genclerbirligi;https://www.futbol24.com/team/Turkey/Genclerbirligi/results/
General Caballero JLM;https://www.futbol24.com/team/Paraguay/General-Caballero-JLM/results
Genoa;https://www.futbol24.com/team/Italy/Genoa/results/
Getafe CF;https://www.futbol24.com/team/Spain/Getafe-CF/results/
Gil Vicente;https://www.futbol24.com/team/Portugal/Gil-Vicente/results/
Gimnasia La Plata;https://www.futbol24.com/team/Argentina/Gimnasia-La-Plata/results/
Gimnasia Mendoza;https://www.futbol24.com/team/Argentina/Gimnasia-Mendoza/results/
Gimnàstic Tarragona;https://www.futbol24.com/team/Spain/Gimnastic-Tarragona/results/
Girona FC;https://www.futbol24.com/team/Spain/Girona-FC/results/
Go Ahead Eagles;https://www.futbol24.com/team/Holland/Go-Ahead-Eagles/results/
GOAL FC;https://www.futbol24.com/team/France/GOAL-FC/results/
Godoy Cruz;https://www.futbol24.com/team/Argentina/Godoy-Cruz/results/
Goiás/GO;https://www.futbol24.com/team/Brazil/Goias-GO/results/
Göztepe Izmir;https://www.futbol24.com/team/Turkey/Goztepe-Izmir/results/
Granada CF;https://www.futbol24.com/team/Spain/Granada-CF/results/
Grêmio/RS;https://www.futbol24.com/team/Brazil/Gremio-RS/results/
Grenoble;https://www.futbol24.com/team/France/Grenoble/results/
Greuther Fürth;https://www.futbol24.com/team/Germany/Greuther-Furth/results/
Grimsby Town;https://www.futbol24.com/team/England/Grimsby-Town/results/
Guarani/SP;https://www.futbol24.com/team/Brazil/Guarani-SP/results/
Guarany/RS;https://www.futbol24.com/team/Brazil/Guarany-RS/results/
Hamburger SV;https://www.futbol24.com/team/Germany/Hamburger-SV/results/
Hannover 96;https://www.futbol24.com/team/Germany/Hannover-96/results/
Harborough Town FC;https://www.futbol24.com/team/England/Harborough-Town-FC/results/
Harrogate Town;https://www.futbol24.com/team/England/Harrogate-Town/results
Hassania Agadir;https://www.futbol24.com/team/Morocco/Hassania-Agadir/results/
Hatayspor;https://www.futbol24.com/team/Turkey/Hatayspor/results/
Hauts Lyonnais;https://www.futbol24.com/team/France/Hauts-Lyonnais/results/
Hearts FC;https://www.futbol24.com/team/Scotland/Hearts-FC/results/
Hellas Verona;https://www.futbol24.com/team/Italy/Hellas-Verona/results/
Heracles Almelo;https://www.futbol24.com/team/Holland/Heracles-Almelo/results/
Hertha BSC;https://www.futbol24.com/team/Germany/Hertha-BSC/results/
Hibernian FC;https://www.futbol24.com/team/Scotland/Hibernian-FC/results/
HJK Helsinki;https://www.futbol24.com/team/Finland/HJK-Helsinki/results/
Hoffenheim;https://www.futbol24.com/team/Germany/Hoffenheim/results/
Holstein Kiel;https://www.futbol24.com/team/Germany/Holstein-Kiel/results/
Huddersfield;https://www.futbol24.com/team/England/Huddersfield/results
Hull City;https://www.futbol24.com/team/England/Hull-City/results/
Humaitá/AC;https://www.futbol24.com/team/Brazil/Humaita-AC/results/
IF Elfsborg;https://www.futbol24.com/team/Sweden/IF-Elfsborg/results/
Imbabura SC;https://www.futbol24.com/team/Ecuador/Imbabura-SC/results/
Ind. Santa Fe;https://www.futbol24.com/team/Colombia/Ind-Santa-Fe/results/
Ind. São-Joseense/PR;https://www.futbol24.com/team/Brazil/Ind-Sao-Joseense-PR/results/
Indep. Rivadavia;https://www.futbol24.com/team/Argentina/Indep-Rivadavia/results/
Independência/AC;https://www.futbol24.com/team/Brazil/Independencia-AC/results/
Independiente del Valle;https://www.futbol24.com/team/Ecuador/Independiente-del-Valle/results/
Independiente Medellín;https://www.futbol24.com/team/Colombia/Independiente-Medellin/results/
Independiente Petrolero;https://www.futbol24.com/team/Bolivia/Independiente-Petrolero/results/
Independiente;https://www.futbol24.com/team/Argentina/Independiente/results/
Instituto Córdoba;https://www.futbol24.com/team/Argentina/Instituto-Cordoba/results/
Inter Limeira/SP;https://www.futbol24.com/team/Brazil/Inter-Limeira-SP/results/
Inter Miami CF;https://www.futbol24.com/team/United-States/Inter-Miami-CF/results/
Inter Milan;https://www.futbol24.com/team/Italy/Inter-Milan/results/
Internacional FC Palmira;https://www.futbol24.com/team/Colombia/Internacional-FC-Palmira/results/
Internacional/RS;https://www.futbol24.com/team/Brazil/Internacional-RS/results/
Ipswich Town;https://www.futbol24.com/team/England/Ipswich-Town/results/
Iskenderunspor;https://www.futbol24.com/team/Turkey/Iskenderunspor/results/
Istanbul Basaksehir;https://www.futbol24.com/team/Turkey/Istanbul-Basaksehir/results/
Itagüí Leones FC;https://www.futbol24.com/team/Colombia/Itagui-Leones-FC/results/
Ittihad  Tanger;https://www.futbol24.com/team/Morocco/Ittihad-Tanger/results/
Ittihad Jeddah;https://www.futbol24.com/team/Saudi-Arabia/Ittihad-Jeddah/results/
Ittihad Tanger;https://www.futbol24.com/team/Morocco/Ittihad-Tanger/results/
Ituano/SP;https://www.futbol24.com/team/Brazil/Ituano-SP/results/
JA Drancy;https://www.futbol24.com/team/France/JA-Drancy/results/
Jacobina EC/BA;https://www.futbol24.com/team/Brazil/Jacobina-EC-BA/results/
Jacuipense/BA;https://www.futbol24.com/team/Brazil/Jacuipense-BA/results/
Jagiellonia;https://www.futbol24.com/team/Poland/Jagiellonia/results/
Jahn Regensburg;https://www.futbol24.com/team/Germany/Jahn-Regensburg/results/
Jequié/BA;https://www.futbol24.com/team/Brazil/Jequie-BA/results/
Jorge Wilstermann;https://www.futbol24.com/team/Bolivia/Jorge-Wilstermann/results/
JS Soualem;https://www.futbol24.com/team/Morocco/JS-Soualem/results/
Juan Pablo II;https://www.futbol24.com/team/Peru/Juan-Pablo-II/results/
Juazeirense/BA;https://www.futbol24.com/team/Brazil/Juazeirense-BA/results/
Jubilo Iwata;https://www.futbol24.com/team/Japan/Jubilo-Iwata/results/
Junior Barranquilla;https://www.futbol24.com/team/Colombia/Junior-Barranquilla/results/
Juve Stabia;https://www.futbol24.com/team/Italy/Juve-Stabia/results/
Juventud LP;https://www.futbol24.com/team/Uruguay/Juventud-LP/results/
Juventude/RS;https://www.futbol24.com/team/Brazil/Juventude-RS/results/
Juventus FC;https://www.futbol24.com/team/Italy/Juventus-FC/results/
K?rklarelispor;https://www.futbol24.com/team/Turkey/Kirklarelispor/results/
KAA Gent;https://www.futbol24.com/team/Belgium/KAA-Gent/results/
KAC Marrakech;https://www.futbol24.com/team/Morocco/KAC-Marrakech/results/
Kaiserslautern;https://www.futbol24.com/team/Germany/Kaiserslautern/results/
Karlsruher SC;https://www.futbol24.com/team/Germany/Karlsruher-SC/results/
Kas?mpa?a SK;https://www.futbol24.com/team/Turkey/Kasimpasa-SK/
Kas?mpa?a SK;https://www.futbol24.com/team/Turkey/Kasimpasa-SK/results/
Kashima Antlers;https://www.futbol24.com/team/Japan/Kashima-Antlers/results/
Kashiwa Reysol;https://www.futbol24.com/team/Japan/Kashiwa-Reysol/results/
Kasımpaşa SK;https://www.futbol24.com/team/Turkey/Kasimpasa-SK/results/
Kasımpaşa SK;https://www.futbol24.com/team/Turkey/Kasımpaşa-SK/results/
Katwijk;https://www.futbol24.com/team/Holland/Katwijk/results/
Kawasaki Frontale;https://www.futbol24.com/team/Japan/Kawasaki-Frontale/results/
Kayserispor;https://www.futbol24.com/team/Turkey/Kayserispor/results/
Kettering;https://www.futbol24.com/team/England/Kettering/results/
Kifisia FC;https://www.futbol24.com/team/Greece/Kifisia-FC/results/
Kilmarnock FC;https://www.futbol24.com/team/Scotland/Kilmarnock-FC/results/
Kocaelispor;https://www.futbol24.com/team/Turkey/Kocaelispor/results/
Koninklijke HFC;https://www.futbol24.com/team/Holland/Koninklijke-HFC/results/
Konyaspor;https://www.futbol24.com/team/Turkey/Konyaspor/results/
Krylia Sovetov Samara;https://www.futbol24.com/team/Russia/Krylia-Sovetov-Samara/results/
KV Kortrijk;https://www.futbol24.com/team/Belgium/KV-Kortrijk/results/
KV Mechelen;https://www.futbol24.com/team/Belgium/KV-Mechelen/results/
Kyoto Sanga;https://www.futbol24.com/team/Japan/Kyoto-Sanga/results/
La Equidad;https://www.futbol24.com/team/Colombia/La-Equidad/results/
La Roche VF;https://www.futbol24.com/team/France/La-Roche-VF/results
La Serena;https://www.futbol24.com/team/Chile/La-Serena/results/
Lamia FC;https://www.futbol24.com/team/Greece/Lamia-FC/results/
Larne FC;https://www.futbol24.com/team/N-Ireland/Larne-FC/results/
LASK Linz;https://www.futbol24.com/team/Austria/LASK-Linz/results/
Lazio;https://www.futbol24.com/team/Italy/Lazio/results/
LDU Quito;https://www.futbol24.com/team/Ecuador/LDU-Quito/results/
Le Havre AC;https://www.futbol24.com/team/France/Le-Havre-AC/results/
Le Puy Foot 43 Auvergne;https://www.futbol24.com/team/France/Le-Puy-Foot-43-Auvergne/results/
Leeds United;https://www.futbol24.com/team/England/Leeds-United/results/
Legia Warszawa;https://www.futbol24.com/team/Poland/Legia-Warszawa/results/
Leicester City;https://www.futbol24.com/team/England/Leicester-City/results/
Levadiakos;https://www.futbol24.com/team/Greece/Levadiakos/results/
Levante UD;https://www.futbol24.com/team/Spain/Levante-UD/results/
Leyton Orient;https://www.futbol24.com/team/England/Leyton-Orient/results/
Libertad FC (ECU);https://www.futbol24.com/team/Ecuador/Libertad-FC-ECU/results/
Lille OSC;https://www.futbol24.com/team/France/Lille-OSC/results/
Lincoln City;https://www.futbol24.com/team/England/Lincoln-City/results
Liverpool (URU);https://www.futbol24.com/team/Uruguay/Liverpool-URU/results/
Liverpool;https://www.futbol24.com/team/England/Liverpool/results/
Livingston FC;https://futbol24.com/team/Scotland/Livingston-FC/results/
Livingston FC;https://www.futbol24.com/team/Scotland/Livingston-FC/results/
Llaneros FC (COL);https://www.futbol24.com/team/Colombia/Llaneros-FC-COL/results/
Lokomotiv Moscow;https://www.futbol24.com/team/Russia/Lokomotiv-Moscow/results/
Londrina/PR;https://www.futbol24.com/team/Brazil/Londrina-PR/results/
Los Angeles FC;https://www.futbol24.com/team/United-States/Los-Angeles-FC/results/
Ludogorets;https://www.futbol24.com/team/Bulgaria/Ludogorets/results/
Lusitano de Évora;https://www.futbol24.com/team/Portugal/Lusitano-de-Evora/results/
Luton Town;https://www.futbol24.com/team/England/Luton-Town/results/
Lyon;https://www.futbol24.com/team/France/Lyon/results/
Macará;https://www.futbol24.com/team/Ecuador/Macara/results/
Maccabi Tel Aviv;https://www.futbol24.com/team/Israel/Maccabi-Tel-Aviv/results/
Machida Zelvia;https://www.futbol24.com/team/Japan/Machida-Zelvia/results/
Madureira/RJ;https://www.futbol24.com/team/Brazil/Madureira-RJ/results/
Magdeburg;https://www.futbol24.com/team/Germany/Magdeburg/results/
Maghreb Fès;https://www.futbol24.com/team/Morocco/Maghreb-Fes/results/
Maghreb Tétouan;https://www.futbol24.com/team/Morocco/Maghreb-Tetouan/results/
Maguary/PE;https://www.futbol24.com/team/Brazil/Maguary-PE/results/
Mainz 05;https://www.futbol24.com/team/Germany/Mainz-05/results/
Málaga CF;https://www.futbol24.com/team/Spain/Malaga-CF/results/
Malmö FF;https://www.futbol24.com/team/Sweden/Malmo-FF/results/
Mamelodi Sundowns;https://www.futbol24.com/team/South-Africa/Mamelodi-Sundowns/results/
Manaus FC/AM;https://www.futbol24.com/team/Brazil/Manaus-FC-AM/results/
Manchester City;https://www.futbol24.com/team/England/Manchester-City/results/
Manchester United;https://www.futbol24.com/team/England/Manchester-United/results/
Mansfield;https://www.futbol24.com/team/England/Mansfield/results/
Manta FC;https://www.futbol24.com/team/Ecuador/Manta-FC/results/
Mantova FC;https://www.futbol24.com/team/Italy/Mantova-FC/results/
Maracanã/CE;https://www.futbol24.com/team/Brazil/Maracana-CE/results/
Maranhão/MA;https://www.futbol24.com/team/Brazil/Maranhao-MA/results/
Marbella FC;https://www.futbol24.com/team/Spain/Marbella-FC/results/
Marica/RJ;https://www.futbol24.com/team/Brazil/Marica-RJ/results/
Maringá FC/PR;https://www.futbol24.com/team/Brazil/Maringa-FC-PR/results/
Martigues;https://www.futbol24.com/team/France/Martigues/results/
Mérignac SA;https://www.futbol24.com/team/France/Merignac-SA/results/
Middlesbrough;https://www.futbol24.com/team/England/Middlesbrough/results/
Millonarios;https://www.futbol24.com/team/Colombia/Millonarios/results/
Millwall FC;https://www.futbol24.com/team/England/Millwall-FC/results/
Miramar Misiones;https://www.futbol24.com/team/Uruguay/Miramar-Misiones/results/
Mirassol/SP;https://www.futbol24.com/team/Brazil/Mirassol-SP/results/
Mlada Boleslav;https://www.futbol24.com/team/Czech-Rep/Mlada-Boleslav/results/
Modena FC;https://www.futbol24.com/team/Italy/Modena-FC/results/
Molde FK;https://www.futbol24.com/team/Norway/Molde-FK/results/
Mönchengladbach;https://www.futbol24.com/team/Germany/Monchengladbach/results/
Montevideo City Torque;https://www.futbol24.com/team/Uruguay/Montevideo-City-Torque/results/
Montpellier HSC;https://www.futbol24.com/team/France/Montpellier-HSC/results/
Monza;https://www.futbol24.com/team/Italy/Monza/results/
Morecambe FC;https://www.futbol24.com/team/England/Morecambe-FC/results/
Moreirense FC;https://www.futbol24.com/team/Portugal/Moreirense-FC/results/
Motherwell FC;https://www.futbol24.com/team/Scotland/Motherwell-FC/results/
Mushuc Runa;https://www.futbol24.com/team/Ecuador/Mushuc-Runa/results/
Mvo Wanderers;https://www.futbol24.com/team/Uruguay/Mvo-Wanderers/results/
MVV Maastricht;https://www.futbol24.com/team/Holland/MVV-Maastricht/results/
NAC Breda;https://www.futbol24.com/team/Holland/NAC-Breda/results/
Nacional (URU);https://www.futbol24.com/team/Uruguay/Nacional-URU/results/
Nacional Asunción;https://www.futbol24.com/team/Paraguay/Nacional-Asuncion/results/
Nacional Madeira;https://www.futbol24.com/team/Portugal/Nacional-Madeira/results/
Nacional Nueva Helvecia;https://www.futbol24.com/team/Uruguay/Nacional-Nueva-Helvecia/results/
Nacional Potosí;https://www.futbol24.com/team/Bolivia/Nacional-Potosi/results/
Nagoya Grampus;https://www.futbol24.com/team/Japan/Nagoya-Grampus/results/
Nautico/PE;https://www.futbol24.com/team/Brazil/Nautico-PE/results/
NEC Nijmegen;https://www.futbol24.com/team/Holland/NEC-Nijmegen/results/
Neom SC;https://www.futbol24.com/team/Saudi-Arabia/Neom-SC/results/
Newcastle United;https://www.futbol24.com/team/England/Newcastle-United/results/
Newell's Old Boys;https://www.futbol24.com/team/Argentina/Newells-Old-Boys/results/
Noroeste/SP;https://www.futbol24.com/team/Brazil/Noroeste-SP/results/
Norwich City;https://www.futbol24.com/team/England/Norwich-City/results/
Nottingham Forest;https://www.futbol24.com/team/England/Nottingham-Forest/results/
Notts County;https://www.futbol24.com/team/England/Notts-County/results/
Nova Iguacu/RJ;https://www.futbol24.com/team/Brazil/Nova-Iguacu-RJ/results/
Novorizontino/SP;https://www.futbol24.com/team/Brazil/Novorizontino-SP/results/
Ñublense;https://www.futbol24.com/team/Chile/Nublense/results/
Nueva Chicago;https://www.futbol24.com/team/Argentina/Nueva-Chicago/results/
Nurnberg;https://www.futbol24.com/team/Germany/Nurnberg/results/
Nürnberg;https://www.futbol24.com/team/Germany/Nurnberg/results/
O Elvas;https://www.futbol24.com/team/Portugal/O-Elvas/results/
OFI Creta;https://www.futbol24.com/team/Greece/OFI-Creta/results/
OGC Nice;https://www.futbol24.com/team/France/OGC-Nice/results/
OH Leuven;https://www.futbol24.com/team/Belgium/OH-Leuven/results/
O'Higgins;https://www.futbol24.com/team/Chile/OHiggins/results/
Olaria/RJ;https://www.futbol24.com/team/Brazil/Olaria-RJ/results/
Oldham Athletic;https://www.futbol24.com/team/England/Oldham-Athletic/results/
Olimpia Asunción;https://www.futbol24.com/team/Paraguay/Olimpia-Asuncion/results/
Olimpija Ljubljana;https://www.futbol24.com/team/Slovenia/Olimpija-Ljubljana/results/
Oliveira do Hospital;https://www.futbol24.com/team/Portugal/Oliveira-do-Hospital/results/
Olympiakos Pireus;https://www.futbol24.com/team/Greece/Olympiakos-Pireus/results/
Olympique Dcheira;https://www.futbol24.com/team/Morocco/Olympique-Dcheira/results/
Olympique Marseille;https://www.futbol24.com/team/France/Olympique-Marseille/results/
Olympique Safi;https://www.futbol24.com/team/Morocco/Olympique-Safi/results/
Omonia Nicosia;https://www.futbol24.com/team/Cyprus/Omonia-Nicosia/results/
Once Caldas;https://www.futbol24.com/team/Colombia/Once-Caldas/results/
Operário F./PR;https://www.futbol24.com/team/Brazil/Operario-F-PR/results/
Operario/MS;https://www.futbol24.com/team/Brazil/Operario-MS/results/
Oratório RC/AP;https://www.futbol24.com/team/Brazil/Oratorio-RC-AP/results/
Orense SC;https://www.futbol24.com/team/Ecuador/Orense-SC/results/
Oriente Petrolero;https://www.futbol24.com/team/Bolivia/Oriente-Petrolero/results/
Orihuela CF;https://www.futbol24.com/team/Spain/Orihuela-CF/results/
Orsomarso SC;https://www.futbol24.com/team/Colombia/Orsomarso-SC/results/
Ourense CF;https://www.futbol24.com/team/Spain/Ourense-CF/results/
Oxford United;https://www.futbol24.com/team/England/Oxford-United/results/
Pachuca CF;https://www.futbol24.com/team/Mexico/Pachuca-CF/results/
Paderborn;https://www.futbol24.com/team/Germany/Paderborn/results/
Pafos FC;https://www.futbol24.com/team/Cyprus/Pafos-FC/results/
Palermo;https://www.futbol24.com/team/Italy/Palermo/results/
Palmeiras/SP;https://www.futbol24.com/team/Brazil/Palmeiras-SP/results/
Panathinaikos;https://www.futbol24.com/team/Greece/Panathinaikos/results/
Panetolikos;https://www.futbol24.com/team/Greece/Panetolikos/results/
Panserraikos;https://www.futbol24.com/team/Greece/Panserraikos/results/
PAOK Salonica;https://www.futbol24.com/team/Greece/PAOK-Salonica/results/
Paraná/PR;https://www.futbol24.com/team/Brazil/Parana-PR/results/
Paris St. Germain;https://www.futbol24.com/team/France/Paris-St-Germain/results/
Parma Calcio;https://www.futbol24.com/team/Italy/Parma-Calcio/results/
Parnahyba/PI;https://www.futbol24.com/team/Brazil/Parnahyba-PI/results/
Patriotas FC;https://www.futbol24.com/team/Colombia/Patriotas-FC/results/
Paysandú (URU);https://www.futbol24.com/team/Uruguay/Paysandu-URU/results/
Paysandu/PA;https://www.futbol24.com/team/Brazil/Paysandu-PA/results/
PEC Zwolle;https://www.futbol24.com/team/Holland/PEC-Zwolle/results/
Pescara;https://www.futbol24.com/team/Italy/Pescara/results/
Peterborough;https://www.futbol24.com/team/England/Peterborough/results/
Petrocub Hînce?ti;https://www.futbol24.com/team/Moldova/Petrocub-Hincesti/results/
Petrolina/PE;https://www.futbol24.com/team/Brazil/Petrolina-PE/results/
PFC Sochi;https://www.futbol24.com/team/Russia/PFC-Sochi/results/
Plaza Colonia;https://www.futbol24.com/team/Uruguay/Plaza-Colonia/results/
Plymouth Argyle;https://www.futbol24.com/team/England/Plymouth-Argyle/results/
Ponte Preta/SP;https://www.futbol24.com/team/Brazil/Ponte-Preta-SP/results/
Pontevedra CF;https://www.futbol24.com/team/Spain/Pontevedra-CF/results/
Portimonense SC;https://www.futbol24.com/team/Portugal/Portimonense-SC/results/
Porto Velho/RO;https://www.futbol24.com/team/Brazil/Porto-Velho-RO/results/
Portsmouth;https://www.futbol24.com/team/England/Portsmouth/results/
Portuguesa/RJ;https://www.futbol24.com/team/Brazil/Portuguesa-RJ/results/
Portuguesa/SP;https://www.futbol24.com/team/Brazil/Portuguesa-SP/results/
Pouso Alegre/MG;https://www.futbol24.com/team/Brazil/Pouso-Alegre-MG/results/
Preston NE;https://www.futbol24.com/team/England/Preston-NE/results/
Preußen Münster;https://www.futbol24.com/team/Germany/Preussen-Munster/
PSV Eindhoven;https://www.futbol24.com/team/Holland/PSV-Eindhoven/results
Qadisiya Khubar;https://www.futbol24.com/team/Saudi-Arabia/Qadisiya-Khubar/results/
Qarabag FK;https://www.futbol24.com/team/Azerbaijan/Qarabag-FK/results/
QPR;https://www.futbol24.com/team/England/QPR/results/
Quick Boys;https://www.futbol24.com/team/Holland/Quick-Boys/results/
RAA La Louvière;https://www.futbol24.com/team/Belgium/RAA-La-Louvière/results/
Racing Club (URU);https://www.futbol24.com/team/Uruguay/Racing-Club-URU/results/
Racing Club;https://www.futbol24.com/team/Argentina/Racing-Club/results/
Racing de Córdoba;https://www.futbol24.com/team/Argentina/Racing-de-Cordoba/results/
Racing Ferrol;https://www.futbol24.com/team/Spain/Racing-Ferrol/results/
Racing Genk;https://www.futbol24.com/team/Belgium/Racing-Genk/results/
Racing Santander;https://www.futbol24.com/team/Spain/Racing-Santander/results/
Raja Casablanca;https://www.futbol24.com/team/Morocco/Raja-Casablanca/results/
Rampla Juniors;https://www.futbol24.com/team/Uruguay/Rampla-Juniors/results/
Rangers FC;https://www.futbol24.com/team/Scotland/Rangers-FC/results/
Rangers Talca;https://www.futbol24.com/team/Chile/Rangers-Talca/results/
Raon-l'Étape;https://www.futbol24.com/team/France/Raon-lEtape/results
Rapid Wien;https://www.futbol24.com/team/Austria/Rapid-Wien/results/
Rayo Vallecano;https://www.futbol24.com/team/Spain/Rayo-Vallecano/results/
RB Bragantino/SP;https://www.futbol24.com/team/Brazil/RB-Bragantino-SP/results
RB Leipzig;https://www.futbol24.com/team/Germany/RB-Leipzig/results/
RB Salzburg;https://www.futbol24.com/team/Austria/RB-Salzburg/results
RC Calais;https://www.futbol24.com/team/France/RC-Calais/results/
RC Lens;https://www.futbol24.com/team/France/RC-Lens/results/
RC Saint-Joseph;https://www.futbol24.com/team/Martinique/RC-Saint-Joseph/results/
RCD Espanyol;https://www.futbol24.com/team/Spain/RCD-Espanyol/results/
Reading FC;https://www.futbol24.com/team/England/Reading-FC/results/
Real Ávila;https://www.futbol24.com/team/Spain/Real-Avila/results/
Real Betis;https://www.futbol24.com/team/Spain/Real-Betis/results/
Real Madrid;https://www.futbol24.com/team/Spain/Real-Madrid/results/
Real Mallorca;https://www.futbol24.com/team/Spain/Real-Mallorca/results/
Real Oviedo;https://www.futbol24.com/team/Spain/Real-Oviedo/results/
Real Santa Cruz;https://www.futbol24.com/team/Bolivia/Real-Santa-Cruz/results/
Real Sociedad B;https://www.futbol24.com/team/Spain/Real-Sociedad-B/results/
Real Sociedad;https://www.futbol24.com/team/Spain/Real-Sociedad/results/
Real Tomayapo;https://www.futbol24.com/team/Bolivia/Real-Tomayapo/results/
Real Valladolid;https://www.futbol24.com/team/Spain/Real-Valladolid/results/
Real Zaragoza;https://www.futbol24.com/team/Spain/Real-Zaragoza/results/
Rebordosa AC;https://www.futbol24.com/team/Portugal/Rebordosa-AC/results/
Reggiana;https://www.futbol24.com/team/Italy/Reggiana/results/
Remo/PA;https://www.futbol24.com/team/Brazil/Remo-PA/results/
Renaissance Berkane;https://www.futbol24.com/team/Morocco/Renaissance-Berkane/results/
Renaissance Zemamra;https://www.futbol24.com/team/Morocco/Renaissance-Zemamra/results/
Retrô/PE;https://www.futbol24.com/team/Brazil/Retro-PE/results/
Rijnsburgse Boys;https://www.futbol24.com/team/Holland/Rijnsburgse-Boys/results/
Rio Ave;https://www.futbol24.com/team/Portugal/Rio-Ave/results/
Rio Branco/ES;https://www.futbol24.com/team/Brazil/Rio-Branco-ES/results/
Rio Branco-VN/ES;https://www.futbol24.com/team/Brazil/Rio-Branco-VN-ES/results/
River Plate (URU);https://www.futbol24.com/team/Uruguay/River-Plate-URU/results/
River Plate;https://www.futbol24.com/team/Argentina/River-Plate/results/
Rizespor;https://www.futbol24.com/team/Turkey/Rizespor/results/
RKC Waalwijk;https://www.futbol24.com/team/Holland/RKC-Waalwijk/results
Rosario Central;https://www.futbol24.com/team/Argentina/Rosario-Central/results/
Ross County;https://www.futbol24.com/team/Scotland/Ross-County/results/
Royal Antwerp;https://www.futbol24.com/team/Belgium/Royal-Antwerp/results/
Royal Pari;https://www.futbol24.com/team/Bolivia/Royal-Pari/results/
Rubin Kazan;https://www.futbol24.com/team/Russia/Rubin-Kazan/results/
Sagan Tosu;https://www.futbol24.com/team/Japan/Sagan-Tosu/results/
Saint-Denis FC;https://www.futbol24.com/team/Reunion/Saint-Denis-FC/results/
Salamanca CF UDS;https://www.futbol24.com/team/Spain/Salamanca-CF-UDS/results/
Salernitana;https://www.futbol24.com/team/Italy/Salernitana/results/
Salford City;https://www.futbol24.com/team/England/Salford-City/results/
Sampaio Correa/MA;https://www.futbol24.com/team/Brazil/Sampaio-Correa-MA/results/
Sampaio Corrêa/RJ;https://www.futbol24.com/team/Brazil/Sampaio-Correa-RJ/results/
Sampdoria;https://www.futbol24.com/team/Italy/Sampdoria/results/
Samsunspor;https://www.futbol24.com/team/Turkey/Samsunspor/results/
San Lorenzo;https://www.futbol24.com/team/Argentina/San-Lorenzo/results/
San Luis Quillota;https://www.futbol24.com/team/Chile/San-Luis-Quillota/results/
San Marcos Arica;https://www.futbol24.com/team/Chile/San-Marcos-Arica/results/
San Martín San Juan;https://www.futbol24.com/team/Argentina/San-Martin-San-Juan/results/
San Martín Tucumán;https://www.futbol24.com/team/Argentina/San-Martin-Tucuman/results/
Sanfrecce Hiroshima;https://www.futbol24.com/team/Japan/Sanfrecce-Hiroshima/results/
Santa Cruz/PE;https://www.futbol24.com/team/Brazil/Santa-Cruz-PE/results/
Santa Cruz/RN;https://www.futbol24.com/team/Brazil/Santa-Cruz-RN/results/
Santiago Morning;https://www.futbol24.com/team/Chile/Santiago-Morning/results/
Santiago Wanderers;https://www.futbol24.com/team/Chile/Santiago-Wanderers/results/
Santos/SP;https://www.futbol24.com/team/Brazil/Santos-SP/results/
São Bernardo/SP;https://www.futbol24.com/team/Brazil/Sao-Bernardo-SP/results/
São João de Ver;https://www.futbol24.com/team/Portugal/Sao-Joao-de-Ver/results/
São José PoA/RS;https://www.futbol24.com/team/Brazil/Sao-Jose-PoA-RS/results/
São Paulo/SP;https://www.futbol24.com/team/Brazil/Sao-Paulo-SP/results/
São Raimundo/RR;https://www.futbol24.com/team/Brazil/Sao-Raimundo-RR/results/
Sarmiento Junín;https://www.futbol24.com/team/Argentina/Sarmiento-Junin/results/
Sarmiento La Banda;https://www.futbol24.com/team/Argentina/Sarmiento-La-Banda/results/
Sassuolo Calcio;https://www.futbol24.com/team/Italy/Sassuolo-Calcio/results/
SBV Excelsior;https://www.futbol24.com/team/Holland/SBV-Excelsior/results/
SC Bastia;https://www.futbol24.com/team/France/SC-Bastia/results
SC Braga;https://www.futbol24.com/team/Portugal/SC-Braga/results/
SC Cambuur;https://www.futbol24.com/team/Holland/SC-Cambuur/results/
SC Farense;https://www.futbol24.com/team/Portugal/SC-Farense/results/
SC Freiburg;https://www.futbol24.com/team/Germany/SC-Freiburg/results/
SC Heerenveen;https://www.futbol24.com/team/Holland/SC-Heerenveen/results
SC Telstar;https://www.futbol24.com/team/Holland/SC-Telstar/results/
Schalke 04;https://www.futbol24.com/team/Germany/Schalke-04/results/
SD Aucas;https://www.futbol24.com/team/Ecuador/SD-Aucas/results/
SD Eibar;https://www.futbol24.com/team/Spain/SD-Eibar/results/
SD Ejea;https://www.futbol24.com/team/Spain/SD-Ejea/results/
SD Huesca;https://www.futbol24.com/team/Spain/SD-Huesca/results/
SD Ponferradina;https://www.futbol24.com/team/Spain/SD-Ponferradina/results/
Seattle Sounders;https://www.futbol24.com/team/United-States/Seattle-Sounders/results/
Sergipe/SE;https://www.futbol24.com/team/Brazil/Sergipe-SE/results/
Sevilla FC;https://www.futbol24.com/team/Spain/Sevilla-FC/results/
Shabab Riyadh;https://www.futbol24.com/team/Saudi-Arabia/Shabab-Riyadh/results/
Shakhtar Donetsk;https://www.futbol24.com/team/Ukraine/Shakhtar-Donetsk/results/
Shamrock Rovers;https://www.futbol24.com/team/Ireland/Shamrock-Rovers/results/
Sheffield United;https://www.futbol24.com/team/England/Sheffield-United/results/
Sheffield Wed;https://www.futbol24.com/team/England/Sheffield-Wed/results/
Shimizu S-Pulse;https://www.futbol24.com/team/Japan/Shimizu-S-Pulse/results/
Shonan Bellmare;https://www.futbol24.com/team/Japan/Shonan-Bellmare/results/
Sint-Truiden;https://www.futbol24.com/team/Belgium/Sint-Truiden/results/
Sivasspor;https://www.futbol24.com/team/Turkey/Sivasspor/results/
SL Benfica;https://www.futbol24.com/team/Portugal/SL-Benfica/results/
Slavia Praha;https://www.futbol24.com/team/Czech-Rep/Slavia-Praha/results/
Slovan Bratislava;https://www.futbol24.com/team/Slovakia/Slovan-Bratislava/results
SO Chambéry Foot;https://www.futbol24.com/team/France/SO-Chambery-Foot/results
Sol de América;https://www.futbol24.com/team/Paraguay/Sol-de-America/results
Solihull Moors;https://www.futbol24.com/team/England/Solihull-Moors/results/
Sousa/PB;https://www.futbol24.com/team/Brazil/Sousa-PB/results/
Southampton;https://www.futbol24.com/team/England/Southampton/results/
Sparta Nijkerk;https://www.futbol24.com/team/Holland/Sparta-Nijkerk/results/
Sparta Praha;https://www.futbol24.com/team/Czech-Rep/Sparta-Praha/results
Sparta Rotterdam;https://www.futbol24.com/team/Holland/Sparta-Rotterdam/results/
Spartak Moscow;https://www.futbol24.com/team/Russia/Spartak-Moscow/results/
Spezia Calcio;https://www.futbol24.com/team/Italy/Spezia-Calcio/results/
Sport Boys;https://www.futbol24.com/team/Peru/Sport-Boys/results/
Sport Huancayo;https://www.futbol24.com/team/Peru/Sport-Huancayo/results/
Sport Recife/PE;https://www.futbol24.com/team/Brazil/Sport-Recife-PE/results/
Sporting Charleroi;https://www.futbol24.com/team/Belgium/Sporting-Charleroi/results/
Sporting Cristal;https://www.futbol24.com/team/Peru/Sporting-Cristal/results/
Sporting Gijón;https://www.futbol24.com/team/Spain/Sporting-Gijon/results/
Sporting Lisboa;https://www.futbol24.com/team/Portugal/Sporting-Lisboa/results/
Sportivo Ameliano;https://www.futbol24.com/team/Paraguay/Sportivo-Ameliano/results/
Sportivo Belgrano;https://www.futbol24.com/team/Argentina/Sportivo-Belgrano/results/
Sportivo Luqueño;https://www.futbol24.com/team/Paraguay/Sportivo-Luqueno/results/
Sportivo Trinidense;https://www.futbol24.com/team/Paraguay/Sportivo-Trinidense/results/
SSC Bari;https://www.futbol24.com/team/Italy/SSC-Bari/results/
SSC Napoli;https://www.futbol24.com/team/Italy/SSC-Napoli/results/
SSV Ulm;https://www.futbol24.com/team/Germany/SSV-Ulm/results/
St Johnstone;https://www.futbol24.com/team/Scotland/St-Johnstone/results/
St. Gallen;https://www.futbol24.com/team/Switzerland/St-Gallen/results/
St. Mirren;https://www.futbol24.com/team/Scotland/St-Mirren/results/
St. Pauli;https://www.futbol24.com/team/Germany/St-Pauli/results/
Stade Brestois;https://www.futbol24.com/team/France/Stade-Brestois/results/
Stade Briochin;https://www.futbol24.com/team/France/Stade-Briochin/results
Stade Laval;https://www.futbol24.com/team/France/Stade-Laval/results/
Stade Reims;https://www.futbol24.com/team/France/Stade-Reims/results/
Stade Rennais;https://www.futbol24.com/team/France/Stade-Rennais/results/
Standard Liège;https://www.futbol24.com/team/Belgium/Standard-Liege/results/
Stevenage FC;https://www.futbol24.com/team/England/Stevenage-FC/results/
Stockport County;https://www.futbol24.com/team/England/Stockport-County/results/
Stoke City;https://www.futbol24.com/team/England/Stoke-City/results/
Strasbourg;https://www.futbol24.com/team/France/Strasbourg/results/
Sturm Graz;https://www.futbol24.com/team/Austria/Sturm-Graz/results
SU Dives-Cabourg;https://www.futbol24.com/team/France/SU-Dives-Cabourg/results/
Sunderland;https://www.futbol24.com/team/England/Sunderland/results/
SV Darmstadt;https://www.futbol24.com/team/Germany/SV-Darmstadt/results/
SV Elversberg;https://www.futbol24.com/team/Germany/SV-Elversberg/results/
SV Wehen;https://www.futbol24.com/team/Germany/SV-Wehen/results/
Swansea City;https://www.futbol24.com/team/England/Swansea-City/results/
Swindon Town;https://www.futbol24.com/team/England/Swindon-Town/results/
Taawoun FC;https://www.futbol24.com/team/Saudi-Arabia/Taawoun-FC/results/
Tacuarembó FC;https://www.futbol24.com/team/Uruguay/Tacuarembo-FC/results/
Talleres Córdoba;https://www.futbol24.com/team/Argentina/Talleres-Cordoba/results/
Tamworth;https://www.futbol24.com/team/England/Tamworth/results/
Técnico Universitario;https://www.futbol24.com/team/Ecuador/Tecnico-Universitario/results/
The New Saints;https://www.futbol24.com/team/Wales/The-New-Saints/results/
The Strongest;https://www.futbol24.com/team/Bolivia/The-Strongest/results/
Tigres FC (COL);https://www.futbol24.com/team/Colombia/Tigres-FC-COL/results/
Tigres UANL;https://www.futbol24.com/team/Mexico/Tigres-UANL/results/
Tokyo Verdy;https://www.futbol24.com/team/Japan/Tokyo-Verdy/results/
Tombense FC/MG;https://www.futbol24.com/team/Brazil/Tombense-FC-MG/results/
Torino FC;https://www.futbol24.com/team/Italy/Torino-FC/results/
Tottenham;https://www.futbol24.com/team/England/Tottenham/results/
Toulouse FC;https://www.futbol24.com/team/France/Toulouse-FC/results/
Tours FC;https://www.futbol24.com/team/France/Tours-FC/results/
Trabzonspor;https://www.futbol24.com/team/Turkey/Trabzonspor/results/
Trem/AP;https://www.futbol24.com/team/Brazil/Trem-AP/results/
Tuna Luso/PA;https://www.futbol24.com/team/Brazil/Tuna-Luso-PA/results/
UB Conquense;https://www.futbol24.com/team/Spain/UB-Conquense/results/
UD Almería;https://www.futbol24.com/team/Spain/UD-Almeria/results/
UD Almería;https://www.futbol24.com/team/Spain/UD-Almería/results/
UD Barbastro;https://www.futbol24.com/team/Spain/UD-Barbastro/results/
UD Las Palmas;https://www.futbol24.com/team/Spain/UD-Las-Palmas/results/
UD Logroñés;https://www.futbol24.com/team/Spain/UD-Logrones/results/
Udinese Calcio;https://www.futbol24.com/team/Italy/Udinese-Calcio/results/
UE Olot;https://www.futbol24.com/team/Spain/UE-Olot/results/
UE Sant Andreu;https://www.futbol24.com/team/Spain/UE-Sant-Andreu/results/
Ulsan Hyundai;https://www.futbol24.com/team/South-Korea/Ulsan-Hyundai/results/
UNAM Pumas;https://www.futbol24.com/team/Mexico/UNAM-Pumas/results/
União/TO;https://www.futbol24.com/team/Brazil/Uniao-TO/results/
Union Berlin;https://www.futbol24.com/team/Germany/Union-Berlin/results/
Unión Española;https://www.futbol24.com/team/Chile/Union-Espanola/results/
Unión La Calera;https://www.futbol24.com/team/Chile/Union-La-Calera/results/
Unión Magdalena;https://www.futbol24.com/team/Colombia/Union-Magdalena/results/
Union Saint-Gilloise;https://www.futbol24.com/team/Belgium/Union-Saint-Gilloise/results/
Unión San Felipe;https://www.futbol24.com/team/Chile/Union-San-Felipe/results/
Unión Santa Fe;https://www.futbol24.com/team/Argentina/Union-Santa-Fe/results/
Union Touarga Sports;https://www.futbol24.com/team/Morocco/Union-Touarga-Sports/results/
Unionistas Salamanca;https://www.futbol24.com/team/Spain/Unionistas-Salamanca/results/
Univ Católica Quito;https://www.futbol24.com/team/Ecuador/Univ-Catolica-Quito/results/
Univ de Chile;https://www.futbol24.com/team/Chile/Univ-de-Chile/results/
Univ de Concepcion;https://www.futbol24.com/team/Chile/Univ-de-Concepcion/results/
Universidad Católica;https://www.futbol24.com/team/Chile/Universidad-Catolica/results/
Universitario Vinto;https://www.futbol24.com/team/Bolivia/Universitario-Vinto/results
Universitario;https://www.futbol24.com/team/Peru/Universitario/results/
Urawa Red Diamonds;https://www.futbol24.com/team/Japan/Urawa-Red-Diamonds/results/
US Boulogne;https://www.futbol24.com/team/France/US-Boulogne/results/
US Lecce;https://www.futbol24.com/team/Italy/US-Lecce/results/
US Orléans;https://www.futbol24.com/team/France/US-Orleans/results
US Saint-Malo;https://www.futbol24.com/team/France/US-Saint-Malo/results
US Yaacub Mansour;https://futbol24.com/team/Morocco/US-Yaacub-Mansour/results/
USC Corte;https://www.futbol24.com/team/France/USC-Corte/results/
UTC Cajamarca;https://www.futbol24.com/team/Peru/UTC-Cajamarca/results/
Valencia CF;https://www.futbol24.com/team/Spain/Valencia-CF/results/
Vasco da Gama/RJ;https://www.futbol24.com/team/Brazil/Vasco-da-Gama-RJ/results/
Vélez Sársfield;https://www.futbol24.com/team/Argentina/Velez-Sarsfield/results/
Velo Clube/SP;https://www.futbol24.com/team/Brazil/Velo-Clube-SP/results/
Venezia FC;https://www.futbol24.com/team/Italy/Venezia-FC/results/
VfB Stuttgart;https://www.futbol24.com/team/Germany/VfB-Stuttgart/results/
VfL Bochum;https://www.futbol24.com/team/Germany/VfL-Bochum/results/
VfL Wolfsburg;https://www.futbol24.com/team/Germany/VfL-Wolfsburg/results/
Vikingur Reykjavik;https://www.futbol24.com/team/Iceland/Vikingur-Reykjavik/results/
Viktoria Plzen;https://www.futbol24.com/team/Czech-Rep/Viktoria-Plzen/results/
Vila Nova/GO;https://www.futbol24.com/team/Brazil/Vila-Nova-GO/results/
Villarreal CF;https://www.futbol24.com/team/Spain/Villarreal-CF/results/
Vinotinto FC;https://www.futbol24.com/team/Ecuador/Vinotinto-FC/results/
Virtus Entella;https://www.futbol24.com/team/Italy/Virtus-Entella/results/
Vissel Kobe;https://www.futbol24.com/team/Japan/Vissel-Kobe/results/
Vitória Guimarães;https://www.futbol24.com/team/Portugal/Vitoria-Guimaraes/results/
Vitória/BA;https://www.futbol24.com/team/Brazil/Vitoria-BA/results/
Volos NFC;https://www.futbol24.com/team/Greece/Volos-NFC/results/
Volta Redonda/RJ;https://www.futbol24.com/team/Brazil/Volta-Redonda-RJ/results/
Votuporanguense/SP;https://www.futbol24.com/team/Brazil/Votuporanguense-SP/results/
VV Eemdijk;https://www.futbol24.com/team/Holland/VV-Eemdijk/results/
VV SJC Noordwijk;https://www.futbol24.com/team/Holland/VV-SJC-Noordwijk/results/
Walsall FC;https://www.futbol24.com/team/England/Walsall-FC/results/
Watford FC;https://www.futbol24.com/team/England/Watford-FC/results/
Wealdstone;https://www.futbol24.com/team/England/Wealdstone/results/
Werder Bremen;https://www.futbol24.com/team/Germany/Werder-Bremen/results/
West Bromwich;https://www.futbol24.com/team/England/West-Bromwich/results/
West Ham;https://www.futbol24.com/team/England/West-Ham/results/
Westerlo;https://www.futbol24.com/team/Belgium/Westerlo/results/
Wigan Athletic;https://www.futbol24.com/team/England/Wigan-Athletic/results/
Willem II Tilburg;https://www.futbol24.com/team/Holland/Willem-II-Tilburg/results/
Wolverhampton;https://www.futbol24.com/team/England/Wolverhampton/results/
Wrexham FC;https://www.futbol24.com/team/England/Wrexham-FC/results/
Wycombe;https://www.futbol24.com/team/England/Wycombe/results/
Wydad Casablanca;https://www.futbol24.com/team/Morocco/Wydad-Casablanca/results/
Yeclano Deportivo;https://www.futbol24.com/team/Spain/Yeclano-Deportivo/results/
Yokohama F Marinos;https://www.futbol24.com/team/Japan/Yokohama-F-Marinos/results/
Yokohama FC;https://www.futbol24.com/team/Japan/Yokohama-FC/results/
Zamora CF;https://www.futbol24.com/team/Spain/Zamora-CF/results/
Zenit;https://www.futbol24.com/team/Russia/Zenit/results/
Zulte Waregem;https://www.futbol24.com/team/Belgium/Zulte-Waregem/results/
Kairat Almaty;https://www.futbol24.com/team/Kazakhstan/Kairat-Almaty/results/
